title,link,image
"

신민아 블로그 느좋 사복패션 재조명
",https://blog.naver.com/qkrdmsdhr95/223800226874,https://blogthumb.pstatic.net/MjAyNTAzMThfMjAy/MDAxNzQyMjQ4OTY2NTAw.SSgJ9hdjaR9QXVydUUCsH7z6ejD5sQ5t_c3uQ32c8zMg.hjmJX72ZJDYI0tQgWpTFVYAYItTf4yAp0c1H7INhFIMg.JPEG/IMG_1449%A4%C1.jpg?type=s2
"

신민아 느좋 사복패션 블로그 근황 소개
",https://blog.naver.com/qkrdmsdhr95/223800226874,https://blogthumb.pstatic.net/MjAyNTAzMThfMjQ5/MDAxNzQyMjQ4OTczMjcz.lcpPkEALt4r9ebBVy1ErlRO65jBB_552dCvQ8dWQzDIg.DCfBVn9lFtRn8oktpVFiUx0khWhzwRwXFklJyzaUzQkg.JPEG/IMG_1448%A4%BF.jpg?type=s2
"

강민경 사복 패션 느좋 여자 봄 코디 모음
",https://blog.naver.com/chaerrri_/223801450520,https://blogthumb.pstatic.net/MjAyNTAzMThfMTY1/MDAxNzQyMjQ4OTgxMzk5.I0mDLfIHA9S6XA3w4NTJWrBH4lNmQ2D_uNhgUuoBeMgg.h3qDGFyqoninnSf06UEF3YqcqbyDkjLOy0sbppqRDc8g.JPEG/IMG_1446%A4%BB.jpg?type=s2
"

은근 느좋인 카더가든 사복패션.
",https://blog.naver.com/chaerrri_/223801450520,https://blogthumb.pstatic.net/MjAyNTAzMThfMTEy/MDAxNzQyMjQ5Mzg2NDgz.xQCRBopWgvaMoVTD3--0AOGJzDGWQLujff9m0-JO180g.dI1WdZw6rCDLd7R1sEXDUe0F4gscfB9Jckr5iIQNAUUg.JPEG/IMG_1450.jpg?type=s2
"

나만 알고 싶은 느좋 사복코디 장인 금새록 패션모음zip
",https://blog.naver.com/prettyh90/223834659266,https://blogthumb.pstatic.net/MjAyNTAzMThfNDEg/MDAxNzQyMzA3MjI2MDIx.fd0H72hv3SUBvQ2Pan0k_gbVeQUj0_FDUTWj0tbYMn8g.1i06Pxc1jbI2hnQUd88fYw7c8LQ309bQsRyt-jVwE4Eg.JPEG/Screenshot_2025-03-18_at_23.13.30.JPG?type=s2
"

신민아 블로그에 올라온 느좋 사복패션
",https://blog.naver.com/prettyh90/223834659266,https://blogthumb.pstatic.net/MjAyNTAzMThfMTk4/MDAxNzQyMzA4Mjg0MjI0.EzzHvWSxFAUxykVeHmOkC-Tjsp34dYHu4jyVEd42QUwg.-v1eRcbkJVltvH7CxGzSJqgq6QtfQwp9dcpMTyC6lRsg.JPEG/Screenshot_2025-03-18_at_23.12.23.JPG?type=s2
"

신민아 블로그 느좋 사복패션 정보 편안하고 트렌디한 무드
",https://blog.naver.com/gozimozi/223947341651,https://blogthumb.pstatic.net/MjAyNTAzMThfMjM3/MDAxNzQyMzA3NDA3OTE4.p5uQSz4C_WvMs3U1eFL2anDSJWOa3imwUjGLtvS5mDog.ebZHmpbbVra3SorxVgrUr7iBWGoj8GMzb2B80X5e-tsg.JPEG/Screenshot_2025-03-18_at_23.13.15.JPG?type=s2
"

한국의 아오이유우 배우 최윤지 느좋 사복 모음 zip (핀터레스트 모리걸 패션, 리즈)
",https://blog.naver.com/gozimozi/223947341651,https://blogthumb.pstatic.net/MjAyNTAzMThfMjcw/MDAxNzQyMzA3NzQzNzMw.-M-iaEZMzOB0eA8InO6XC3BUQ6C691lEh22RYCduMfEg.NkOJ73zXzW5vzvPxsWC4qyIICtY64VgilhmBVxjOo8sg.JPEG/Screenshot_2025-03-18_at_23.13.08.JPG?type=s2
"

신민아 블로그에 업로드된 느좋 사복패션
",https://blog.naver.com/lqud/223826398918,https://blogthumb.pstatic.net/MjAyNTA0MTVfNjgg/MDAxNzQ0NzI5MTY2NjM2.qohwClxdVEUNPL-78Eep2yb-elJk-FGVw69yTNLwNKkg.k1lcSXoUy1H72LwOsrz6XAX_cvCVshSNPjYrsbD3cpMg.PNG/%B0%AD%B9%CE%B0%E6.png?type=s2
"

오징어게임2 박규영 느좋 사복 패션 모음 참고할만한 5개 코디
",https://blog.naver.com/lqud/223826398918,https://blogthumb.pstatic.net/MjAyNTA0MTVfOTYg/MDAxNzQ0NzI2Nzk0ODYy.-iDb4UUYtzzQGF2JCgFwxX_k5rP1US0G0BObnh3KSFMg.CefT6LSI2M4o1uh5zaIc7GJyVIYDOzaBFXPrzl4Q1icg.PNG/%BD%BA%C5%A9%B8%B0%BC%A6_2025-04-15_%BF%C0%C0%FC_12.26.08.png?type=s2
"

한소희 느좋 사복패션 ( 손민수 가능해서 더 좋은 )
",https://blog.naver.com/iamchocolat/223784777084,https://blogthumb.pstatic.net/MjAyNTA0MTVfMzAw/MDAxNzQ0NzI2Nzk0ODc2.sZn5AWU2U9Hy_AuAVf4cmZFX0p0m2xdhQS3nMtwkTYcg.iHAmjrROhWH4uYC1_KjmB1yW9Di8TRFzSfIHuHXD3uIg.PNG/%BD%BA%C5%A9%B8%B0%BC%A6_2025-04-15_%BF%C0%C0%FC_12.26.38.png?type=s2
"

아이유 사복 패션 느좋.jpg
",https://blog.naver.com/iamchocolat/223784777084,https://blogthumb.pstatic.net/MjAyNTA0MTVfMTE4/MDAxNzQ0NzI2Nzk0NzY5.d6AmtxfWjBYdfPMuchlmUoO7GquuVYiZRUwlsUk9DDgg.AkdjEdOgZ4mzQMBTE9-SRpfwcNzeCtsh1hSTheTMSMQg.PNG/%BD%BA%C5%A9%B8%B0%BC%A6_2025-04-15_%BF%C0%C0%FC_12.26.13.png?type=s2
"

신민아 블로그에 뜬 느좋 사복패션
",https://blog.naver.com/yazeyazasu/223800826998,https://blogthumb.pstatic.net/MjAyNTA3MjZfMzEg/MDAxNzUzNDYyNTQxNTUz.Cfmyi3HajuISlUZ7si6CBE4qhEG864MMe7TlpSKWGCkg.eY5uOnjHt3BA_b2HAotjf8iH2XMZiGUrYwiY98bHY48g.JPEG/%3F%A0%95%EB%B3%B4%EA%3F%3F%8D%B8%3F%84%AC.jpg?type=s2
"

정려원 인스타 속 느좋 사복패션 블라우스, 백팩 정보 르메메
",https://blog.naver.com/yazeyazasu/223800826998,https://blogthumb.pstatic.net/MjAyNTA3MjZfODgg/MDAxNzUzNDY0MDQ1NDUy.H8pBmqFYYISVFnW_VxII_Q8ByDEPKbvLlWHJTEGvrKEg.fy0rGdKYaoh_as6qi-gI0VlU5jCWx7ODsJwdkVT8TzAg.PNG/image.png?type=s2
"

수지 느좋 사복패션 겨울 아이템 코디 아크네스튜디오 목도리, 셀린느 니트 가디건
",https://blog.naver.com/maryjane1440/223743093900,https://blogthumb.pstatic.net/MjAyNTA3MjZfMTky/MDAxNzUzNDY0MDQ2MDU4.qznBvBIXDibKf5hWL7UFKyIR-zjLUUbTRrwB8guyRzwg.8RZrS6V74H1lODG3LwTM5UFxtO240fbtcXlfjnTbsKMg.PNG/image.png?type=s2
"

이렇게 예쁜 조폭 봤어? 중증외상센터 천장미 배우 하영 느좋 사복패션 zip
",https://blog.naver.com/maryjane1440/223743093900,https://blogthumb.pstatic.net/MjAyNTA3MjZfMjE3/MDAxNzUzNDY0MDQ2NzQw.lOxdmTSXcgZhruFafCR9_CDCGagcS3akvO8-BWzLFRwg.A3hsm-9ERebFLAQ1bmXcaGPAPK5r7Bv4-YUZomtR7jAg.PNG/image.png?type=s2
"

신민아 느좋 사복패션 블로그룩 간지
",https://blog.naver.com/dole222/223785203846,https://blogthumb.pstatic.net/MjAyNTA0MDhfMjI3/MDAxNzQ0MDk3NDcxODEy.PeCm-jpM2fnrHKfw_TsRrLQvsskv4ZhhN2bCXbjca7Ig.6FFRfOnIjPuUjVNvha31py3_TKMSJVO74U1guDpei2Mg.PNG/42.png?type=s2
"

볼래 말래? 은근 느좋인 김원훈 조진세 사복패션
",https://blog.naver.com/dole222/223785203846,https://blogthumb.pstatic.net/MjAyNTA0MDhfMjE3/MDAxNzQ0MTAwNDEyODIz.1HVEPw-GPeOCAYmxuFsAhiJifDLxg64OsWTas-MT3Nsg.vG6e7qBCoJaoMvKuWXuXO6avHGRVv6YfbOpB97DsIAYg.PNG/8-1.png?type=s2
"

느좋 패션센스로 여자달의 워너비로 떠오른 로제 인스타그램속 사복패션
",https://blog.naver.com/trendment/223717319563,https://blogthumb.pstatic.net/MjAyNTA0MDhfMjA4/MDAxNzQ0MTAwNDk1MTQ5.CUl5vRSTCN6B_RLpmkeajct-Tl1jpncKfL7T9KXLuOkg.ZLTrm1rHCeXH00v0F5D4DeQM2pIjSBzUzwl8SGcEK6wg.PNG/2.png?type=s2
"

옷 잘 입는 여자 연예인 일상 속 수지 사복 데일리 패션 느좋 봄 여름 코디룩... 
",https://blog.naver.com/trendment/223717319563,https://blogthumb.pstatic.net/MjAyNTA0MDhfMTUy/MDAxNzQ0MTAwNDk1OTQz.yy69W2C44NkfHPc3CmvPEEZXdTTOoqvz1v0DLICjdasg.hFT4C1w_fZUfIAn7h1mKwKl4CrKgIeBKkxzMTQgpqNcg.PNG/3.png?type=s2
"

권나라 느좋 사복패션 미니멀룩 코디 분석 (슬리브리스+셔츠+팬츠)
",https://blog.naver.com/copip2004/223788378927,https://blogthumb.pstatic.net/MjAyNTAzMDVfMTY2/MDAxNzQxMTQwMTg2MzAx.DCny1q--GEqMJmEbf1Z4ehDwIO4vR4vtXw1jTUJjOYog.6ygeUYJu69UV_2xziaVbx5P-UEiusOfcb2fsiT4fv-0g.JPEG/01.jpg?type=s2
"

아이돌 손민수 베이비몬스터 아사 느좋 사복 패션 모아보기.zip
",https://blog.naver.com/copip2004/223788378927,https://blogthumb.pstatic.net/MjAyNTAzMDVfMjE5/MDAxNzQxMTM4MjQ4OTkx.wVKhNJLEmiQDaQRnETq_Crf653fKyLjmKSpJWuR8hrEg.Fkr7kykWOnRDOsuPJwKYU19aBw9cc2c9Fk0L_2I-7Y8g.JPEG/02.jpg?type=s2
"

유명래퍼와 열애중이라는 청순여배우의 느좋 사복패션
",https://blog.naver.com/cleo1112/223796871112,https://blogthumb.pstatic.net/MjAyNTAzMDVfMTcw/MDAxNzQxMTM4MjQ5MDE0.a9fdBFxMb_48ghJMu5rK2JU33aHXUVA0Bj-q-QNg0AQg.8xorUC7S9K7g53C7BbDTl_ZaWouu9w92TATxBGKUYnYg.JPEG/06.jpg?type=s2
"

느좋 코디의 정석 옷 잘 입는 연예인 사복 패션 김원중편
",https://blog.naver.com/cleo1112/223796871112,https://blogthumb.pstatic.net/MjAyNTAzMDVfMjIy/MDAxNzQxMTM4MjQ4OTk2.ofXCk-Bu0X5Mw2BEMKF8ZpTEp0aDWbe2fmIPSjVYq2og.ITDovWyXklcjBYrfqEl-C6wpWbqF28LppXse0vrI1oIg.JPEG/04.jpg?type=s2
"

고양이상 강민경 사복 느좋 그 자체잖아..! 니트베스트 바캉스룩으로 추천
",https://blog.naver.com/ham-boke/223800690818,https://blogthumb.pstatic.net/MjAyNTAzMThfMTQ4/MDAxNzQyMjgyNzYzNjcz.KKivTG5gMgN_pJI23uLPh8cMt6Y404AUPG2p17xVS3cg.NmCwGCniBtm9XyUvQhwPA2usPbgKgujMhJYG8agIrWYg.JPEG/IMG_0245.jpg?type=s2
"

신민아 느좋 사복패션 데일리룩 모음 블루종 레더자켓 정보
",https://blog.naver.com/ham-boke/223800690818,https://blogthumb.pstatic.net/MjAyNTAzMThfMTUx/MDAxNzQyMjgyNzYxMzk2.mupzxOx47-daw4wZAiDr8sRVqFVrRK5iooqGm6RNQcwg.OnKOqNJY-pFNgWhMiXqrvG2DcdSCJfk2S5tbUkYu3r0g.JPEG/IMG_0243.jpg?type=s2
"

느좋 사복패션 금새록의 가방. 백팩은 어디꺼?
",https://blog.naver.com/mini638/223873432380,https://blogthumb.pstatic.net/MjAyNTAzMThfMjM1/MDAxNzQyMjgyNzYyNTAw.uaVsJHGs9GiaS7uy_y6CViLHdmFmGg815lBqAf94otUg.D9pm4xEvMxis3GX8-PRcDrdARLetndGWnqE2N1SO_ksg.JPEG/IMG_0244.jpg?type=s2
"

폴로 랄프로렌 니트 강민경 사복 패션 느좋♥️
",https://blog.naver.com/mini638/223873432380,https://blogthumb.pstatic.net/MjAyNTAzMThfMTc3/MDAxNzQyMjgyNzY0ODk2.bchVSz1UI_yakfjzAP1bTeR3eKlrukc-JZzQxXd3OQ4g.d5JpC7MtofTzRwSLoGLRwrgitj-RxKfNJ38LV9cCCzYg.JPEG/IMG_0246.jpg?type=s2
"

제니 패션은 사석이 찐♥ 느좋 젠득이 사복 zip
",https://blog.naver.com/cinnamon_roll/223714457207,https://blogthumb.pstatic.net/MjAyNTAxMzFfMzMg/MDAxNzM4MjkwOTg3NDYy.b9fbMuAqx8AJxjie0h3EAwSoZKdq2RKE7yeaEsQqKc4g.znGBfqpjmCoqKJrt8Toaplke_uF7Xw_eA2UcVjL6RgIg.JPEG/IMG_6134.JPG?type=s2
"

느좋 사복장인은 누구? 사복패션 참고하기 좋은 여자 연예인
",https://blog.naver.com/cinnamon_roll/223714457207,https://blogthumb.pstatic.net/MjAyNTAxMzFfMjI1/MDAxNzM4Mjg5NjMxMjY4.Gg2b1dl-uirhfW9Qiegi06jKhxC53cr-QbQNgiv0-R0g.3IVMJUuSUZY2QHnsbAievNqNdzPy5IKZYNLK5DRv7vUg.JPEG/IMG_6108.jpg?type=s2
"

여우주연상 수상 정소민 인스타 속 느좋 사복패션 정보 ♥️
",https://blog.naver.com/wonlyfashion/223745774902,https://blogthumb.pstatic.net/MjAyNTAxMzFfNDEg/MDAxNzM4Mjg5NjMxNDgz.c-W4rfdfv7KIkmNq4B-2Qro8ogM2KjX2gvr2PClw5MUg.IQsbzJhOM8UvQXUjGvDHQ1b6oelD1lJDIlZazpAh2gkg.JPEG/IMG_6115.jpg?type=s2
"

아이즈원 출신 김민주 인스타그램 느좋 나시, 모자, 샌들,디올백팩 사복 패션 옷 정보... 
",https://blog.naver.com/wonlyfashion/223745774902,https://blogthumb.pstatic.net/MjAyNTAxMzFfMzAg/MDAxNzM4Mjg5NjMxNTk1.mhNfAkud69mKYQ_7FXTBQ2DHtuwBqCvTJ6phEq3RDfwg.g7OSCsjkHPFx8Oz9WCuFL3S7nY_xlTceXx66y2L45sEg.JPEG/IMG_6102.jpg?type=s2
"

신민아 느좋 사복패션 데일리 코디 모아보기
",https://blog.naver.com/shitet7/223800213286,https://blogthumb.pstatic.net/MjAyNTAzMDZfMjMg/MDAxNzQxMTg5MDkwMjI3.A2dSa2HIrhT0vCQLvR9SoATdU9WXiNEcP5yucKKFNnog.TkRiFU_kNyJEQSnn1VRGOXDpkQPiQAsGB5UdDj4jojYg.JPEG/242111_%282%29.jpg?type=s2
"

느좋 여돌들의 사복 패션을 모아보자::  카리나, 슬기, 레이
",https://blog.naver.com/shitet7/223800213286,https://blogthumb.pstatic.net/MjAyNTAzMDZfNSAg/MDAxNzQxMTg5MTAyNzAw.gFkoOOThJBnpoU3zRCdaSvOK6C-S3tP68ajx52Uly7og.roAREO9yXEGikH9bPvplj3pGzP4l2ApMWzcO59qAhjQg.JPEG/421104_%282%29.jpg?type=s2
"

마뗑킴 모자_ 차정원 느좋 사복패션 여자 얼굴 작아보이는 볼캡
",https://blog.naver.com/gozimozi/223806976485,https://blogthumb.pstatic.net/MjAyNTAzMDZfMTMw/MDAxNzQxMTg5MTAyNjY4.8VMM9KVNe1qyzT9Q9N8YEbV-g39thYoe0MKBRbgHkCwg.JJ_nvsmNAsgV7TtdbyGNvmYjDAVP8VHtrLKwWFvhCTog.JPEG/2421101_%281%29.jpg?type=s2
"

신민아 블로그 업로드 르메르 크루아상백 포춘백 느좋 사복 패션 가방
",https://blog.naver.com/gozimozi/223806976485,https://blogthumb.pstatic.net/MjAyNTAzMDZfMjQ4/MDAxNzQxMTg5MTAyNzUz.nI7sJ4oNH6zTHfOXuRlin2zFw_npr3jVQxsQ5cqhKxwg.FrQ4HW8Wq0mUR4B8GQP-QVoxnPyN0odDP_bxQ4c4bwAg.JPEG/421104_%283%29.jpg?type=s2
"

강민경 사복패션 떡상시킨 느좋 데일리룩 모음.zip
",https://blog.naver.com/amdacc/223869209198,https://blogthumb.pstatic.net/MjAyNTAxMDRfMTEx/MDAxNzM1OTIwMTIwMzMz.gxJowCnaitHoa5lAVmOMJHLH9Obd7mdsaWkZ3DIR5GMg.B2xjGDKex7hcMiScEnSaFcj9WDHqgaRcHm9KjbOTzw0g.JPEG/%BD%BA%C5%A9%B8%B0%BC%A6_2025-01-03_153259.jpg?type=s2
"

3月 신민아 느좋 사복패션 품절템 정체는...
",https://blog.naver.com/amdacc/223869209198,https://blogthumb.pstatic.net/MjAyNTAxMDRfMTgy/MDAxNzM1OTE5NzIyNzY5.Vewht3yuTt-yocOGHKWkOPmjF72Z7f9SWGr579W3Hh4g.saL4pE4-OAJqY0DDbthAsG8fETHQZJzgT5m3EIL8VFAg.JPEG/%BD%BA%C5%A9%B8%B0%BC%A6_2025-01-03_153012.jpg?type=s2
"

이시안처럼, 봄코디 끝판왕 '느좋' 사복패션 스타일링!
",https://blog.naver.com/conpjs_91/223879727386,https://blogthumb.pstatic.net/MjAyNTAxMDRfNzQg/MDAxNzM1OTE5NzIyNzY3.ad0z7xe-4y8dlKbwJIBfDXcHCQ-dv4moSHIQdB2hZ2Mg.Xg5Yxlg34tB_lUqEH6g8GzGtzH6Gdi6pltJkFZjfI3Ug.JPEG/%BD%BA%C5%A9%B8%B0%BC%A6_2025-01-03_153114.jpg?type=s2
"

사복패션 천재 있지 채령의 여리여리 여름 느좋 코디 모음
",https://blog.naver.com/conpjs_91/223879727386,https://blogthumb.pstatic.net/MjAyNTAxMDRfMjc2/MDAxNzM1OTE5NzMxNTkw.mZPL9FkFNam0jn9vFOI5WTtQ9hsBN04JX_NrlCqO6wYg.Okc-FpDWMYBWxAh2N9foVBntPesYkbZ71lfgTNkwf5sg.JPEG/1000007774_detail_220.jpeg?type=s2
"

느좋 정소민 사복패션. 가방은 어디꺼지?
",https://blog.naver.com/heevely0522/223919581777,https://blogthumb.pstatic.net/MjAyNTAzMDJfMTc2/MDAxNzQwOTI1ODM5Njkx.tqMmfIHLWyoFbEzggttbhdZ6Fd8DbnSjitUI1ypUgeIg.7vRkVpcOyP4UY3-tEoKLDS9jzHsDfNhqJnZj3uC1gbcg.JPEG/output_411473703.jpg?type=s2
"

투바투 연준 느좋 남자 겨울 사복 패션 모음
",https://blog.naver.com/heevely0522/223919581777,https://blogthumb.pstatic.net/MjAyNTAzMDJfNTYg/MDAxNzQwOTI1Mjg1MzUw.8iydtomV3fYnqrVlzV3_SimalYBunJYoazg8KYoA454g.bUy5mbSd3-Vez82XNghGllvCWr8_dElmjWY8vWLCPv8g.JPEG/output_1238741865.jpg?type=s2
"

베이비몬스터 아현 느좋 사복 코디 모음집.zip
",https://blog.naver.com/remilkl14/223746316254,https://blogthumb.pstatic.net/MjAyNTAzMDJfMjk2/MDAxNzQwOTI1Mjk2Mzg2.fSoPgThi2DUUrlOJnHxp9Qaj7071kPsxAhgnJ2RmCQMg.nhPjNvIcn1wDn9slWiPC3k6brI4rgAXWjo8nhEwbuoEg.JPEG/output_3450444103.jpg?type=s2
"

애프터스쿨 이주연 느좋 원조 얼짱 인스타그램 속 사복패션 모음!
",https://blog.naver.com/remilkl14/223746316254,https://blogthumb.pstatic.net/MjAyNTAzMDNfODUg/MDAxNzQwOTkxOTgzNTg0.MrrH3oFUJ6LcnMw1409aKCEKqkX7gCoXwS_Yk_a9auUg.mCG_L1jQguCISyIyC7zPjmkNaQ1XTlsP57HsPt10Prkg.PNG/%BD%BA%C5%A9%B8%B0%BC%A6_2025-03-03_175255.png?type=s2
"

나만 알고싶은 느좋배우 신은수 사복패션
",https://blog.naver.com/alljoy_nofun/223830092374,https://blogthumb.pstatic.net/MjAyNTAzMTVfMTI0/MDAxNzQyMDA0MTIzMjQy.q6aJRmfuO9GTNnzxU56b3nilWGUBmR5XHumLF1_k_pIg.Lte78XZlvM5YzLjQ_82o57zktmLvqPjrW1ezMxzK4QMg.JPEG/900%A3%DF1280%A3%DFdlwlrma%A3%DF%A3%DF2024%A3%AD05%A3%AD12T012001.000Z%A3%DF20250315%A3%DF100902%A3%DF704.jpg?type=s2
"

청량감 200%! 강민경 쇼핑몰 아비에무아 느좋 사복 여름룩 모음. zip
",https://blog.naver.com/alljoy_nofun/223830092374,https://blogthumb.pstatic.net/MjAyNTAzMTVfMjU1/MDAxNzQyMDA0NDM1MDgz.GLSL3mVldtlTzfeOoekYUcpwXW3xhCBI8OMSNB4ztvkg.HorcsvaXEe6ylRneSBeSjzTpkFk24lxkdKwskZBPCXog.JPEG/02862df6c4d58287658025802c23a942.jpg?type=s2
"

차정원 느좋 사복패션 아크테릭스 패딩 어디 거? 토륨 스모크 블러프
",https://blog.naver.com/w_oozz/223804137757,https://blogthumb.pstatic.net/MjAyNTAzMTVfMjM1/MDAxNzQyMDA1NDg5NDgw.11XzWt-Z4-qtkqEc8XXC9qXcTnHUw2ZCIo40ovP69jUg.SeE7iPAXsxvWPE1lojOqKV1QevyxWxBS_214U0MIfvcg.JPEG/900%A3%DFScreenshot%A3%DF20250312%A3%DF181527%A3%DFInstagram.jpg?type=s2
"

사석패션이 찐 느좋이라는 김고은 칸영화제 사복 모먼트
",https://blog.naver.com/w_oozz/223804137757,https://blogthumb.pstatic.net/MjAyNTAzMTVfMjE2/MDAxNzQyMDA0NTY4OTc0.HDBpll9G6h8WVgHcfSBiohog4V8JPcjrb-9vp19KvJcg.HHZOwmWiCi07Mgi0MP0cd12gXto4YnObNMhCZo_f0KEg.JPEG/%B4%D9%BF%EE%B7%CE%B5%E5%C6%C4%C0%CF%A3%DF20250315%A3%DF110923.jpg?type=s2
"

고윤정 느좋한 인스타 사복 코디로 알아보는 올봄 유행할 패션 아이템(feat.마리떼... 
",https://blog.naver.com/ssol_look/223936831537,https://blogthumb.pstatic.net/MjAyNTAzMThfMzYg/MDAxNzQyMjc3NDc1MTIy.9K5IucszUpNp5zaWcxfb3d5XfhHTpEvTTP2fYeBreusg.9a-qPkjEfQ0lD7pa4py6NN5lZl1gGuabbUnYNMumZMMg.JPEG/thumbs.jpg?type=s2
"

분위기 여신 수지가 말아주는 느좋  사복패션 모음zip
",https://blog.naver.com/ssol_look/223936831537,https://blogthumb.pstatic.net/MjAyNTAzMThfMjAx/MDAxNzQyMjc3MzkyOTg3.KTWzrEaqe_Xx2U2IBxU6h01l9Glq-kqGid9dfrZsKVkg.YGK7AyFns5kjSdUWklgVFzU3ZDvAMcAzaWVWHJTQsmAg.JPEG/KakaoTalk_20250120_190755420_10.jpg?type=s2
"

이청아 사복 패션 드뮤어룩 캐주얼 느좋 코디
",https://blog.naver.com/artondo/223793231484,https://blogthumb.pstatic.net/MjAyNTAzMThfMTU5/MDAxNzQyMjc3Mzk1NTUw.aWfgkWVDKiRTJL_gAnn5N9Re0lfvJmMU7RDfLNQWbWYg.Ghy1B4WthQ9sh0THmLQFwjHf728d_jL_jAWcrzwrfsEg.JPEG/KakaoTalk_20250120_190755420_12.jpg?type=s2
"

머리부터 발끝까지 셀린느, 수지 느좋 사복패션
",https://blog.naver.com/artondo/223793231484,https://blogthumb.pstatic.net/MjAyNTAzMThfMjMx/MDAxNzQyMjc3Mzk2NzY4.ZVG9frqdIxNgBP3Ex2zrTutcz6WkWY3a5Pcx-xMhg3Qg.Kk02FuNcZ2gNsh4aat-6soHm0nLIqDkKwBpyIpZw-KQg.JPEG/KakaoTalk_20250120_203047876_01.jpg?type=s2
"

있지 ITZY 류진 인스타그램 여자사복패션 이대로만 입으면 여름 느좋 꾸안꾸 코디 끝
",https://blog.naver.com/gajigaji_/223801491744,https://blogthumb.pstatic.net/MjAyNTA1MjFfOTYg/MDAxNzQ3ODI5MjgzMjY0.LP0GrAzKU_sTypnO88almRZLiYKJMdfDqLwyE1XFVgkg.ow-1IXyBAiynDzWCRB77svc9BDLEl21tJYukH8H1QtEg.PNG/tannat_%C5%B8%B3%B4_%C7%CF%C7%C1%C4%DA%C6%AE%C0%C7_%BB%E7%BA%BB_4.png.png?type=s2
"

연예인 사복 코디 여름 데일리룩 기은세 김나영 이시영 느좋 OOTD
",https://blog.naver.com/gajigaji_/223801491744,https://blogthumb.pstatic.net/MjAyNTA1MjFfMTIz/MDAxNzQ3ODI5ODEzNjYy.3GcidVLoBgQwizc2CLFCOCqa0IbxEs0NF5jH0QsHdgAg.SsMzNtLy85pYGQAREDvKIo05fDGacU64LeO-LFo_dSgg.PNG/%BD%BA%C5%A9%B8%B0%BC%A6_2025-05-21_%BF%C0%C8%C4_9.16.34.png?type=s2
"

느좋! 수지가 말아준 셀린느 사복 패션 (신상 보니백 가방)
",https://blog.naver.com/pluv0121/223764081940,https://blogthumb.pstatic.net/MjAyNTA1MjFfMTQx/MDAxNzQ3ODI5NzQ0NjQy.x6Re-UQr69O2_KN9fyNbWDQoIPlO_kQdd-iAQE4G76Eg.sHg4xrv3ALiXGBdKWP7hEbHjl_icuGIZx0x-b3eTN7Ig.PNG/%BD%BA%C5%A9%B8%B0%BC%A6_2025-05-21_%BF%C0%C8%C4_9.14.45.png?type=s2
"

장재인 사복패션, 인스타그램 속 고급스러운 느좋 스타일링 모음!
",https://blog.naver.com/pluv0121/223764081940,https://blogthumb.pstatic.net/MjAyNTA1MjFfNzgg/MDAxNzQ3ODI5NzQzNzk1.w__e4Qsotu-pTiYO8qxZownGPyGfBApL01ikVPk_MzYg.9P-l5pdn7OcdJNVJHc-hCd9A33lkl3NDHc6S95GGmcMg.PNG/%BD%BA%C5%A9%B8%B0%BC%A6_2025-05-21_%BF%C0%C8%C4_9.14.27.png?type=s2
"

느좋 레이어드룩 고민이라면 사복여신 차정원 데일리룩 참고해봐!
",https://blog.naver.com/wonlyfashion/223749470025,https://blogthumb.pstatic.net/MjAyNTAxMDRfMTU3/MDAxNzM1OTU3NzI0MDYw.YBPeBHJriKXKSkjeUXY-VQ6YP1PfCNOeK_FNzX3B7fIg.tyEbs8QkK4LIuUq-bzPk2hDqGuVHJwMHCY-r7ZEhIWEg.JPEG/%BC%F6%C1%F6%B0%DC%BF%EF%C4%DA%B5%F0.jpg?type=s2
"

느좋룩 정석 슬기 사복
",https://blog.naver.com/wonlyfashion/223749470025,https://blogthumb.pstatic.net/MjAyNTAxMDRfNzgg/MDAxNzM1OTU4MzQxNjU2.K3QteJGqFMPUYKgY2Jr2kNhPCTdReKJipb_jHPSS-p8g.bY8_7G6uE2KJjniF7EW68u_OJUEy-05uYep7E7cQMtUg.JPEG/%BC%F6%C1%F6%B8%F1%B5%B5%B8%AE%BE%C6%C5%A9%B3%D7%BD%BA%C6%A9%B5%F0%BF%C0.jpg?type=s2
"

카리나는 신이야...에스파 카리나 느좋 겨울사복패션 착장정보 zip.
",https://blog.naver.com/challengesy/223796357760,https://blogthumb.pstatic.net/MjAyNTAxMDRfNDYg/MDAxNzM1OTU3MzcwOTg0.INSioyqeJodlZCTr-gztYgewDMlcFoa7tP5S4vclPuEg.1zsgIXSpOSw0ePdYNcELOu6kK9BdZHxwGdvGD3laqkUg.JPEG/%BC%F6%C1%F6%B8%F1%B5%B5%B8%AE.jpg?type=s2
"

김고은 핑계고 니트 사복패션 모음 옷핏 손민수 느좋 데일리룩 꾸안꾸 셔츠코디 추천
",https://blog.naver.com/challengesy/223796357760,https://blogthumb.pstatic.net/MjAyNTAxMDRfMTQ4/MDAxNzM1OTU4MzUzMzAw.i4KT3Ubdc4nAHJtJ8n3oWdoUY3Bg5ozj5erSTTdo2kYg.dIJ8eu6tNBN9GbmmyoxvjJKbGMnhonBK-kIJIbnmDMsg.JPEG/%BC%F6%C1%F6.jpg?type=s2
"

김도연 인스타그램 속 느좋 일상 사복패션 코디 모음!
",https://blog.naver.com/trendment/223696564609,https://blogthumb.pstatic.net/MjAyNTAyMDFfNzEg/MDAxNzM4NDAyNjM0ODY5.dfXPN9_sO_5FKbE4FDKQuC8SsKKilYd9YKjRfuUexb0g.MBpfQO5mgbDl5CW6yRv06-aoEKPJ_syiOjN3S9zEcG0g.JPEG/%C3%B5%C0%E5%B9%CC%C6%D0%BC%C7-2.jpg?type=s2
"

있지 채령, 떠오르는 느좋 사복패션 장인! 인스타그램 속 패션 모음
",https://blog.naver.com/trendment/223696564609,https://blogthumb.pstatic.net/MjAyNTAyMDFfNTEg/MDAxNzM4NDAxODAxMzg1.6CembGl97dvduvOylfuMiJiTy8qiN4tFOw6j_aZgfb0g.jPSp91XVglvrqTl3gb2SX6B66Y5BgYyZzPoHlETA9Msg.JPEG/%C3%B5%C0%E5%B9%CC%C6%D0%BC%C7-3.jpg?type=s2
"

배우 고민시 느좋 인스타그램 속 일상 사복패션 모음!
",https://blog.naver.com/roomnumber_914/223945829455,https://blogthumb.pstatic.net/MjAyNTAyMDFfMjAw/MDAxNzM4NDAxODAwMzU1.F0ci7VuNzk7SlGKF5za0rqI0e4xUdDQmEik2sustlj0g.B0MbrpefuuRW8BpjLmFNdHd5g1A8lcEYDSGJ3NroRdQg.JPEG/%C3%B5%C0%E5%B9%CC%C6%D0%BC%C7-4.jpg?type=s2
"

사복장인 느좋패션 수영 인스타그램속 미모 근황
",https://blog.naver.com/roomnumber_914/223945829455,https://blogthumb.pstatic.net/MjAyNTAyMDFfMjIz/MDAxNzM4NDAxODAwODQ3.lbjUWwQd11riuCw1TyQOVLsTo_GCfol0fvIZQ6cyHTog.HTtAe4H_HsfBIXcsOJQlpTdJgK-LXZg6moyam6tDXFYg.JPEG/%C3%B5%C0%E5%B9%CC%C6%D0%BC%C7-5.jpg?type=s2
"

신병3 문빛나리 배우 김요한의 느좋 사복 스타일링
",https://blog.naver.com/ghtjd1647/223800152153,https://blogthumb.pstatic.net/MjAyNTAzMThfMTA1/MDAxNzQyMjUyNTEzNTMy.rJRwOGcBkONjE6jRa0IwpHPH02IPaauVuTyaiRSfJeIg.M0vQVE0cWrS3gYJ_Uj5l3vdRuFw_-r7YW5RFMuHCT34g.PNG/image.png?type=s2
"

여자 연예인 느좋 사복/화보 패션 모음집 (내 취향 반영)
",https://blog.naver.com/ghtjd1647/223800152153,https://blogthumb.pstatic.net/MjAyNTAzMThfMTUy/MDAxNzQyMjUxODcyNDkw.mq8CNmD3z8ZrHEkXaYVIsQMqkWEKs0TVRCaGIE74P2Mg.b_ehuo4_EyH68-VVAtOhkZiZ7lL2J8DcpZlFIduQ8rMg.PNG/image.png?type=s2
"

나나 사복패션, 잘생쁨 모델 포스 인스타그램 속 느좋 일상 코디 모음!
",https://blog.naver.com/doldolmal/223700983889,https://blogthumb.pstatic.net/MjAyNTAzMThfMTQ2/MDAxNzQyMjUzMzM3Nzc5.G5Kutb8pYJj1T2zBKXBrJoo99f3AagDW4BeGjy2ZMdsg.PfJ_ii8p-J727uXdyjcRWh-yPhBp39wZxupNRSJ5OLcg.GIF/_2025_03_18_07_55_12_117-ezgif.com-video-to-gif-converter_%281%29.gif?type=s2
"

느좋 여행룩으로 선택한 노윤서 사복 자켓 정보
",https://blog.naver.com/doldolmal/223700983889,https://blogthumb.pstatic.net/MjAyNTAzMThfMjU5/MDAxNzQyMjUzMzMwMDE2.Hyqu1559yow0Nicn8uwOJ5l8i56S4nFKhoRfS7PuFpgg.yd3Tvqv7Tpq3zkUMqPzyNoQDRLD3Vcwd7B3H4FforaAg.GIF/_2025_03_18_07_55_12_117-ezgif.com-video-to-gif-converter.gif?type=s2
"

엔위시 유우시 사복 + 손민수템 추천  느좋남돌로 임명.
",https://blog.naver.com/cheeexee/223826520111,https://blogthumb.pstatic.net/MjAyNTAzMjJfMTIy/MDAxNzQyNjIxOTY0Mzg3.BX9LES9OGv3Dz_TuuzniynCxkdsUcGgzk-y12U5gflog.Gw1KJpzYXFt64ldFhyN_C9DgT7lvuqKo0IXUzO8SFdsg.PNG/image.png?type=s2
"

남자들이 더 좋아한다는 류준열 사복 코디, 진짜 느좋이네;
",https://blog.naver.com/cheeexee/223826520111,https://blogthumb.pstatic.net/MjAyNTAzMjJfNzgg/MDAxNzQyNjIxODMzMzg1.FshgCqAv85dh6Hg_64Ou5GXNYpviQa14f5ONDyJ3f6Eg.ZSJKQC8h0jQusdz7Jyj6t3KjdXjk6-EoDJzdL6fSS28g.PNG/image.png?type=s2
"

남자들이 더 좋아한다는 류준열 사복 코디, 진짜 느좋이네;
",https://blog.naver.com/newarea24/223788494487,https://blogthumb.pstatic.net/MjAyNTAzMjJfMTU0/MDAxNzQyNjIxODcyNzI1.e08IRLFHQZ3myd-IhdD2H8oNv-ZIAc6-337VVDWHHnYg.Uv1_LL7URS06XCsPQwihwW9ldlkffa4f1SCxktgOfsEg.PNG/image.png?type=s2
"

아이돌 같은 KT WIZ 이예빈 치어리더 느좋 사복코디
",https://blog.naver.com/newarea24/223788494487,https://blogthumb.pstatic.net/MjAyNTAzMjJfMjA5/MDAxNzQyNjIxODgyNzU3.2MLgLclJfOIU_c7IdWTCRBlPC0qo4D8pIcxhA28L81kg.D1yC3Fnx0nGJL4iM259zKpb5KBhR9V_QdxRTWY8HIDAg.PNG/image.png?type=s2
"

요즘 신시아 옷 민소매 사복패션이 핫한 이유
",https://blog.naver.com/seulki5419/223917790625,https://blogthumb.pstatic.net/MjAyNTA1MTdfNTIg/MDAxNzQ3NDkxMDA2MDgy.w5IBjzFFbcumjgjOFa91UI7w_19O1DKq0277VxEA7jkg.O6hgV3oWhDIRKJkgfhqBdexTstdy5QEpiKY3JOLzCx0g.JPEG/output%A3%DF4233120912.jpg?type=s2
"

귀궁 김지연(보나) 감다살 느좋이라는 인스타그램 사복패션
",https://blog.naver.com/seulki5419/223917790625,https://blogthumb.pstatic.net/MjAyNTA1MTdfMTMz/MDAxNzQ3NDkxMDEzMDkw.DQQ0Lfa1pdTEjlY95q-q2XjKd3Jz9W3pUT5h5iQuiGUg.iOqkAT1FbT-rnXp6gWiio4fD7NJKmSjtr26rFMR8LdYg.JPEG/output%A3%DF3649061524.jpg?type=s2
"

안가리고 다녀서 일반인한테 번호 따인다는 나나!  방송용 패션 VS 사복패션
",https://blog.naver.com/fstrend/223800551411,https://blogthumb.pstatic.net/MjAyNTA1MTdfMTQ4/MDAxNzQ3NDkxMDA2NjI3.nX0burLBkvktGUv7VmjzbJkbkG8cffRi53NeDQjWBfYg.UCwlek9ATOpYUdv-u2P8XtTQBJZApRyrTwu7hUZwRgwg.JPEG/output%A3%DF4179958938.jpg?type=s2
"

느좋패션으로 반응 좋은 박지현 인스타그램속 사복패션 모음
",https://blog.naver.com/fstrend/223800551411,https://blogthumb.pstatic.net/MjAyNTA1MTdfMTg4/MDAxNzQ3NDkxMDA1NzI1.0FidC9_fAZ6kxGCxO19gqqxGOx5K2NS8ZwXIyqk0IhEg.2pP6YHNWGsDkSxLnK64R442b0KKjO-4lk97zL7jcsMMg.JPEG/output%A3%DF2578089008.jpg?type=s2
"

연예인 사복 코디 정려원 여름코디 느좋 데일리룩
",https://blog.naver.com/bucksbunny23/223774490265,https://blogthumb.pstatic.net/MjAyNTA1MjdfMTE5/MDAxNzQ4MzM0NjU5NTUw.13lsiycXQXZdBAWpaKIEg2t_FDwscjNs9vWmsVS9wm0g.FbO0Jl8LYpHNR-aGJjLN-lUnvs9X5-HrdOziQ6FYukAg.JPEG/Photoroom%A3%DF20250527%A3%DF173047.jpeg?type=s2
"

느좋 올여름패션 완성은 정려원 패션 zip
",https://blog.naver.com/bucksbunny23/223774490265,https://blogthumb.pstatic.net/MjAyNTA1MjdfMTQ1/MDAxNzQ4MzM0MDQ4MDI0.C-8hQl0-9fMb40qPyup9C167HJWBZZK3RUqcW0dDqEIg.y9wqc9rLmAH-TlcCn3igqfKpssl1B7ERkgH3FJEzTJcg.PNG/%BD%BA%C5%A9%B8%B0%BC%A6_2025-05-27_164628.png?type=s2
"

레드벨벳 경호하다가 배우로 데뷔한 신승호! 사복패션 힙하네
",https://blog.naver.com/ourfashionstory/223903913428,https://blogthumb.pstatic.net/MjAyNTA1MjdfNjYg/MDAxNzQ4MzM0MDUwMDE5.W_85BzS1DFkyMLZ75G2ozeC7tQUT2ya28rQiW6WNhWQg.gepSDqn806zUFOYDKCA6FuSB_cOfdSjUHkxXNOjRPFIg.PNG/%BD%BA%C5%A9%B8%B0%BC%A6_2025-05-27_164459.png?type=s2
"

아이돌 아니었어? KT wiz 치어리더 정체는?(사복패션.jpg)
",https://blog.naver.com/ourfashionstory/223903913428,https://blogthumb.pstatic.net/MjAyNTA1MjdfMjYg/MDAxNzQ4MzM0MDUyMTMx.zUEjD_orLyIWfiC2lBJ_8jm7oJV6g7dSBO5z6dHkylcg.z0_0ScFPovD1pkU63iTsxICMOuSBCUWTwlS7RVQ74CYg.PNG/%BD%BA%C5%A9%B8%B0%BC%A6_2025-05-27_163921.png?type=s2
"

2025 서울 워터밤 여신 출격! 키스오브라이프 하늘, 쥴리 사복패션 속 볼캡 zip
",https://blog.naver.com/gajigaji_/223766235878,https://blogthumb.pstatic.net/MjAyNTA3MDJfMTUx/MDAxNzUxNDUyODY5NDY0.TMu4qrGS_ujSDmAY3DdQXTolooLQpUxLWD2wR5Fh4V4g.ZZrtdYfNCgwBed2tFpSBSeF0cLETTLdtzu7QJ_3zTZUg.PNG/11.png?type=s2
"

혜리 여름 사복 패션 참고하기
",https://blog.naver.com/gajigaji_/223766235878,https://blogthumb.pstatic.net/MjAyNTA3MDJfMTU5/MDAxNzUxNDUyNTU2NTY0.X-4DKDG7SS8U9GOqSKf18ok5vnhcWmabsX42wKkzVekg.8QP_oJULsbJ_KN4T89qiIzog83k3PKvOeNO-kYTJ5iMg.PNG/11.png?type=s2
"

박은영 셰프 쌍둥이 언니의 역대급 미모 & 추구미 다른 두 사람의 사복패션
",https://blog.naver.com/seoulry/223743157095,https://blogthumb.pstatic.net/MjAyNTA3MDJfMjU3/MDAxNzUxNDUyNTk1MDYw.8txl3CMtJwdCkkoq813MwIaXxah5vaNdPxlJVBPusXAg.vIq7NVWH3y0MBEb_9bCC3P-2Mc3jvahycpDpDmN2v2cg.PNG/15.png?type=s2
"

(느낌 좋은) 민희진 사복 패션 데일리룩 모아보기.jpg
",https://blog.naver.com/seoulry/223743157095,https://blogthumb.pstatic.net/MjAyNTA3MDJfMTIy/MDAxNzUxNDUyNTgyNjI1.-Yp9EHF2AUo3x2QAV63e1uVbMSRi4l4yS3i6F4tLgokg.rB617ZUVKC-NUOUvAAlqdjF38LBBeQOQeRtvOhQ7qtkg.PNG/14.png?type=s2
"

장동윤 찰스 칼하트룩 뭐야? 커플 잠옷 사복패션 정리
",https://blog.naver.com/gaga08260/223706547620,https://blogthumb.pstatic.net/MjAyNTAyMDNfMjE4/MDAxNzM4NTUyNjI1OTIx.e9Pt5BpSOLs44HmdjZ4rAlz2hP0-Xzft4YEsj631a_cg.ol9MDRxKsZW6GZda8xJ17zWB36Q27GXSmiiJ9nytcTsg.JPEG/IMG_2354.JPG?type=s2
"

헤메코 아쉽다는 말 나오는 스우파3 리더즈 화보 + 리더즈 사복패션 맛보기
",https://blog.naver.com/gaga08260/223706547620,https://blogthumb.pstatic.net/MjAyNTAyMDNfMTE0/MDAxNzM4NTUyNjMwMzYw.WypdBCUbPgr9aa6ooNpzcGz2SBSxbPmA9jDc2lwg1ocg.IfpAm5HnbHTr4En0m3OJeORXKoHGtMNESYgADnK8Kk4g.JPEG/IMG_2346.JPG?type=s2
"

앤팀 니콜라스 아이돌 사복 패션 탐구.zip - 핑크, 젠더리스룩, 무테안경까지!
",https://blog.naver.com/hoodmood/223889862829,https://blogthumb.pstatic.net/MjAyNTAyMDNfMTEx/MDAxNzM4NTUyNjIyNjUw.RDuE3sCgfmTo0OzIlTiy1UOeiJAD7rH6h0DK2VutvT0g.TRMsX0BVGLA8-Fr5BGWnoBjUl4esFkbgOw3KK-4JA5Mg.JPEG/IMG_2367.JPG?type=s2
"

옷잘알 커플탄생?! 정준원과 열애설 난 탑모델 강승현 사복패션
",https://blog.naver.com/hoodmood/223889862829,https://blogthumb.pstatic.net/MjAyNTAyMDNfMTUy/MDAxNzM4NTUyNjIxODY4.8SDqZkPCZ6rwHKlm6uK9SofRCqC27w2mxQP8AnZ1dBEg.rjM1sUwJzBdDVct79U4accY0o_l7BXFzvTFa0VPwnBwg.JPEG/IMG_2368.JPG?type=s2
"

너무 예뻐 화제된 차정원 여름 사복패션 (슬리브리스+롱스커트 정보)
",https://blog.naver.com/hae_yo_/223825524185,https://blogthumb.pstatic.net/MjAyNTA0MTFfNjAg/MDAxNzQ0MzcxMjE5MjY2.IN6pHoO1JXnz97xLDAayb0-90MOVVaHJaPv2eHCtQlAg.5ERmoOWLiMRC4C7rhKQUJt0JZ0zDew5hzy5VtJS_9iMg.JPEG/487139058_18501471952042738_5347791949834995257_n.jpg?type=s2
"

원조 ‘느좋’ 사복여신 공효진 데일리룩 (+드파운드 가방)
",https://blog.naver.com/hae_yo_/223825524185,https://blogthumb.pstatic.net/MjAyNTA0MTFfMjgx/MDAxNzQ0MzcxMjI0Njg0.xx9tOd20O6lYfhOnkrOJN5FZ5Op4FG7OG1N072R4HjYg.Npxc9X_mVhTiyZ1zAEAPST_4Z7WZt7PKG-pv7crWzygg.JPEG/484972631_18497970037042738_8886797922701818207_n.jpg?type=s2
"

느좋 에겐남 연예인 추영우 남자 청청패션 데님 셋업 코디 모음 zip
",https://blog.naver.com/ccccccho_v/223907180722,https://blogthumb.pstatic.net/MjAyNTA0MTFfMTQg/MDAxNzQ0MzcxMjgxMjU0.dtgpSpgclIeWINqEvJ0xBTR64eEl2_5Zt_bbVVzUlcQg.JST7u_GO3dSL71Ty1_dEnFjWBMRAyvuYgyHWlsysMzsg.JPEG/434089449_761318992383496_4592618652385009929_n.jpg?type=s2
"

느좋녀 김지연 사복패션 레이어드스커트 코디 정보 (롯데 정철원 와이프..!)
",https://blog.naver.com/ccccccho_v/223907180722,https://blogthumb.pstatic.net/MjAyNTA0MTFfMjEz/MDAxNzQ0MzcxNDI3NTkw.KYScfMUCBhEyumeTiTivCT1EBF1FNlbX_sByEb_fSOgg.tEbvHwB1QL3EPbXmrMFBWrOu2oAgDVbusfEhImG-n1Qg.JPEG/191946892_223103712665152_7909344746060333637_n.jpg?type=s2
"

대존귀라는 SNL7 크루 모모코 아라타 인스타 사복패션
",https://blog.naver.com/mjcaa0429/223770639425,https://blogthumb.pstatic.net/MjAyNTAzMjBfMjAz/MDAxNzQyNDc0NzAyNTY3.4lOFIOOJzwBGmso_IWJ8M3lWxsW5x5yqciJnFHe0xR8g.yDIgOOLPA31uT_2dyWQQfe3ZvYeVhyS8bvLGhbJPjTYg.PNG/image.png?type=s2
"

데님+흰티+셔츠+폴로 모자 코디 켄달제너도 포기 못한 느좋 패션
",https://blog.naver.com/mjcaa0429/223770639425,https://blogthumb.pstatic.net/MjAyNTAzMjBfMjkw/MDAxNzQyNDc0MzUzNDEx.2aRenlPrPQngEuJ9AGEKuY13KsQSljp_KnAStl8Iqx0g.V8ZZipzHufQpYTm32jDilQJIeq7o2bu8YhWBzMTFL9gg.PNG/image.png?type=s2
"

나나 인스타그램 티셔츠 옷 & 최희진 사복 청바지 & 아이들 미연 가방 패션 정보, 여자... 
",https://blog.naver.com/wonlyfashion/223885047857,https://blogthumb.pstatic.net/MjAyNTAzMjBfMTgw/MDAxNzQyNDc0Mzc4NDg5.lhnxOKW3p3He83UWX5Nm6aaUrWLGk6hrcC38RxO-ZuYg.rZF9ge2DB9WMzNfQy2qasOLeoozW-Kh0Ns9ZCJ2zl9Ig.PNG/image.png?type=s2
"

베이비몬스터 루카의 씹덕 터지는 일상 위버스 사진 모음 (ft.루카 사복패션 아디다스... 
",https://blog.naver.com/wonlyfashion/223885047857,https://blogthumb.pstatic.net/MjAyNTAzMjBfMTQ0/MDAxNzQyNDc0MjY1MDIx.YqmP-WZ_TnQFEML9pBO4m-0ddB6uKqkTH_r2xMlWdM8g.HhB5oc7WvmPok0K_4dlYUNRb1yzn1Gaag8qQml9_cVkg.PNG/image.png?type=s2
"

사복패션 속 안경 하나로 분위기 완성♥ 나인어코드부터 젠틀몬스터, 카린까지! 셀럽의... 
",https://blog.naver.com/wldms0147258/223799575840,https://blogthumb.pstatic.net/MjAyNTA3MTdfMTI4/MDAxNzUyNzE2ODI0NzMw.Qs0xbSBxPJqR-BHmSz4GrKJY_nR2OOQL-DNeq55qB_Eg.8R4Z1gEZdoTLoGb8hG3q_Ps8sRulwIJ2dVEz5ziw1pog.PNG/%BA%ED%B7%CE%B1%D7_%BD%E6%B3%D7%C0%CF_%285%29.png?type=s2
"

느좋 테토녀 되고싶어? 그럼 슬기 따라 입으면 됨!
",https://blog.naver.com/wldms0147258/223799575840,https://blogthumb.pstatic.net/MjAyNTA3MTdfNzIg/MDAxNzUyNzE2ODI1ODM5.CHIYKA7vzU-KIXaJnnlpEV8RvXFoLjAPaJqhNLGgUPsg.TFgKop3rA-bgEl6nA6b1y1c0Ksgd47eBIDVZSwdoQR8g.PNG/%BD%BA%C5%A9%B8%B0%BC%A6_2025-07-17_%BF%C0%C0%FC_10.34.31.png?type=s2
"

연세대 다니다 대학내일 표지모델로 연예계 입문한 여배우! 요즘 느좋 사복녀의 정석
",https://blog.naver.com/amdacc/223707060767,https://blogthumb.pstatic.net/MjAyNTA3MTdfMjcw/MDAxNzUyNzE2ODI3MDgx.Wb_yRBltnfqvh6e6_EzTtudkPGKTMvkL0YTBR3N6A_8g.8Xds4DUGXYgxOF5rzOY5IrzvFFIElKcGf_f7keWjqmog.PNG/%BD%BA%C5%A9%B8%B0%BC%A6_2025-07-17_%BF%C0%C0%FC_10.34.47.png?type=s2
"

느좋 한소희 사복 패션
",https://blog.naver.com/amdacc/223707060767,https://blogthumb.pstatic.net/MjAyNTA3MTdfMjIy/MDAxNzUyNzE2ODI3NzUz.W16UfUN4ARmBCZFf7W2NxbqBBCz5SCjkvnnTVej2TBIg.LuMlIKOQE2w3D9GGhlt2w684Fx3L5sCDagE3oerygpUg.PNG/%BD%BA%C5%A9%B8%B0%BC%A6_2025-07-17_%BF%C0%C0%FC_10.32.44.png?type=s2
"

노상현 사복 느좋,,
",https://blog.naver.com/hello5moon/223874475333,https://blogthumb.pstatic.net/MjAyNTAzMTJfMjc0/MDAxNzQxNzQ0MTM2MzUw.2_oJjDtXzmI9AB2rKRTlpA4tHjwNPQrh2G8Dm377JWAg.E4hpTdTgJnEolt-QjxWBHtYi4FZheFR1a9gCa7-0S2cg.PNG/thumb_ill.png?type=s2
"

(이러니 안반해..?!) 느좋 지수 데님 원피스 패션!
",https://blog.naver.com/hello5moon/223874475333,https://blogthumb.pstatic.net/MjAyNTAzMTJfMjU4/MDAxNzQxNzQ0MTU2OTI4.gUIrTS3finBJ5cehB6PtOqQQU_jt_dhbNohwE9zzYH4g.TBmXtYmMatpHilCAlTVRUU8tA7g-b0R9AsJ_MFzhuZ0g.JPEG/KakaoTalk_20250304_142050981.jpg?type=s2
"

나나 패션 리뷰 : 마뗑킴 크롭 반팔티&데님... 데미지 와이드 스웻 팬츠 사복 정보
",https://blog.naver.com/dannilong/223726635850,https://blogthumb.pstatic.net/MjAyNTAzMTJfMjk0/MDAxNzQxNzQzMzE4MDcz.7e9qt0oigpWqTQkVm0ngAQjn6t_l06ff9cb-gVU6NLwg.mAL0KV2LhWgabLrKUP-FS5-KHJAwEo5dW_V0h1OMYl0g.JPEG/style_678f3ffa3f8c2.jpg.jpg?type=s2
"

느좋 날티남의 정석 투바투 최연준✨ 사복패션과 남친짤 구경하기(연또머,연또삐,라결남... 
",https://blog.naver.com/dannilong/223726635850,https://blogthumb.pstatic.net/MjAyNTAzMTJfMTEw/MDAxNzQxNzQzNDA3Mjg5.sAgqCqc8ymTJj_M8nLom5TuhCqXLXkDMNFP2HAHbBvYg.KZMRlQ2ysYD5FcNZljqxcVsXxVLZUPw9nEEpElEDWwAg.JPEG/illus_01.jpg.jpg?type=s2
"

20대 추구미 원탑 카리나의 느좋 공항룩
",https://blog.naver.com/ourfashionstory/223896221439,https://blogthumb.pstatic.net/MjAyNTAzMThfNyAg/MDAxNzQyMzA5MDQ4NzMx.oSQbzv0MnpxAqrasuvh0OU4kN5ytSKq73vgZaF_poPwg.E7peygEzAUT1oca6Z5a2233Pu_RybvnWs7A6WwvLSVIg.JPEG/output_1299113116.jpg?type=s2
